P. S –∏–∑–≤–∏–Ω—è—é—Å—å –∑–∞ –º–µ—Å—Ç–æ —Ñ–æ—Ç–æ)",2019-12-26 09:27:00,"['VK-1603736028819866', 'VK-10925451700', 'VK-26499386090']"
"–ù–æ–≤—ã–π –±–æ–µ–≤–æ–π —Ç–∞–∑. –ë—ã–ª –≤ –Ω–∞–ª–∏—á–∏–∏ —Ç–æ–ª—å–∫–æ —Å–º–æ–ª—è–Ω–æ–π –∫—É–∑–æ–≤ –ø–∏–∫–∞–ø. –û—Ç–¥–µ–ª—å–Ω–æ –¥–æ–∫—É–ø–∞–ª –¥–µ—Ç–∞–ª–∏. –°–∞–ª–æ–Ω –∫–∞—Å—Ç–æ–º. –ß—Ç–æ–∂, –Ω–∞ —ç—Ç–æ—Ç —Ä–∞–∑ –∫–æ–ª–µ—Å–∞ –≤ –∞—Ä–∫–∞—Ö, –µ—Å—Ç—å —Ä–∞—Å—à–∏—Ä–µ–Ω–∏–µ —Ç–∞–∫ —á—Ç–æ –æ—Ü–µ–Ω–∏–≤–∞–µ–º",2019-12-24 15:05:57,"['VK-1603736028819866', 'VK-62365061197', 'VK-91292631967']"
"–í—Å–µ–º –¥—Ä–∞—Ç—É—Ç–∏)
–ù–∞—Ä–æ–¥,–∫–∞–∫ –¥—É–º–∞–µ—Ç–µ,—Å—Ç–æ–∏—Ç –ª–∏ –¥–µ–ª–∞—Ç—å —Ç–∞–∫–æ–µ –∫—Ä—ã–ª–æ (–≤ –≥–∞–∑–µ—Ç–∞—Ö)? –û—Ç–ø–∏—à–∏—Ç–µ –≤ –∫–æ–º–º—ã,–ø–æ–∂–∞–ª—É–π—Å—Ç–∞,–Ω—É–∂–µ–Ω —Å–æ–≤–µ—Ç)
–§–æ—Ç–∞ –¥–ª—è –ø—Ä–∏–º–µ—Ä–∞:",2019-12-21 22:32:12,"['VK-1603736028819866', 'VK-83173127041', 'VK-38797155901']"
"–í—Å–µ–º –ø—Ä–∏–≤–µ—Çüëã.–£ –º–µ–Ω—è –µ—Å—Ç—å –≤–æ–ø—Ä–æ—Å ,–∫–∞–∫–æ–π —Å—Ç–∏–ª—å –ª—É—á—à–µ –¥–ª—è –Ω–µ—ë —Å–¥–µ–ª–∞—Ç—å —Ä–µ—Å—Ç–∞ –∏–ª–∏ —Å—Ç–µ–Ω—Å . –ú–æ–¥–µ–ª–∏ 2–≥–æ–¥–∞ –æ–Ω–∞ –¥–æ —Å–∏—Ö –ø–æ—Ä –≤ —Å—Ç–æ–∫–µ ,–Ω—É–∂–Ω–æ —á—Ç–æ-—Ç–æ –º–µ–Ω—è—Ç—å.",2019-12-08 15:30:00,"['VK-1603736028819866', 'VK-68211854223', 'VK-49536229743']"
"–ó–¥–∞—Ä–æ–≤–∞,–Ω–∞—Ä–æ–¥!)
–•–æ—á—É –ø—Ä–µ–¥—Å—Ç–∞–≤–∏—Ç—å –í–∞–º –º–æ—é –ø–µ—Ä–≤—É—é –º–æ–¥–µ–ª—å-–í–ê–ó-2107)
–î–µ–ª–∞–ª —è –µ–µ –¥–æ–ª–≥–æ,—Å —É—Å–æ–≤–µ—Ä—à–µ–Ω—Å—Ç–≤–æ–≤–∞–Ω–∏—è–º–∏ –∏ –¥–æ—Ä–∞–±–æ—Ç–∫–∞–º–∏.
–ó–Ω–∞—é,–∫–æ—Å—è–∫–∏ –µ—Å—Ç—å,–Ω–æ –æ–Ω–∏ –∞–∫—Ç–∏–≤–Ω–æ –∏—Å–ø—Ä–∞–≤–ª—è—é—Ç—Å—è)
–ó–∞–¥,–∫—Å—Ç–∞—Ç–∏,—Å —á–µ—Ä–Ω—ã–º –ø—Ä–æ–∫—Ä–∞—Å–æ–º –∫–∞–∫ –Ω–∞ —Ä–∞–Ω–Ω–µ–º –ú-2140,—è –∑–Ω–∞—é,—á—Ç–æ —Ç–∞–∫ –¥–µ–ª–∞—é—Ç –≤ –æ—Å–Ω–æ–≤–Ω–æ–º –Ω–∞ 2106,–Ω–æ –≤–∏–¥–µ–ª —è –∫–∞–∫-—Ç–æ 05 —Å —Ç–∞–∫–æ–π —à—Ç—É–∫–æ–π)
–¢–∞–∫ —á—Ç–æ –Ω–µ —Å—É–¥–∏—Ç–µ —Å—Ç—Ä–æ–≥–æ,—è —Å—Ç–∞—Ä–∞–ª—Å—è)
–ï—Å–ª–∏ –µ—Å—Ç—å –∫–æ–Ω—Å—Ç—Ä—É–∫—Ç–∏–≤–Ω–∞—è –∫—Ä–∏—Ç–∏–∫–∞,–ø–∏—à–∏—Ç–µ –≤ –∫–æ–º–º–µ–Ω—Ç—ã,–±—É–¥–µ—Ç –∏–Ω—Ç–µ—Ä–µ—Å–Ω–æ –ø–æ—á–∏—Ç–∞—Ç—å)
–ï—Å–ª–∏ —á—Ç–æ,–Ω–∞ —Ñ–æ—Ç–æ —Å –±–µ—Ä–Ω–∞—É—Ç–æ–º –≤ –≤–æ–¥–∏—Ç–µ–ª—å—Å–∫–æ–º —Å—Ç–µ–∫–ª–µ –æ—Ç—Ä–∞–∂–µ–Ω–∏–µ,—ç—Ç–æ –Ω–µ —Å—É–ø–µ—Ä–∫–ª–µ–π)",2019-11-21 18:46:10,"['VK-1603736028819866', 'VK-50385308826', 'VK-58935270154']"
"–í—Å–µ–º –ø—Ä–∏–≤–µ—Ç, —Ä–µ–±—è—Ç‚úã! –ù–∞–∫–æ–Ω–µ—Ü-—Ç–æ –¥–æ–¥–µ–ª–∞–ª —Å–≤–æ—é –ø–µ—Ä–≤—É—é –ë–ö! –ù–µ –±–µ–∑ –∫–æ—Å—è–∫–æ–≤ –∫–æ–Ω–µ—á–Ω–æ, –Ω–æ –≤—Å—ë –∂–µ –¥—É–º–∞—é —á—Ç–æ –¥–ª—è –ø–µ—Ä–≤–æ–≥–æ —Ä–∞–∑–∞ –ø–æ–ª—É—á–∏–ª–æ—Å—å –æ—Ç–ª–∏—á–Ω–æ. –ö –∑–∏–º–µ –≥–æ—Ç–æ–≤ —Ç–∞–∫ —Å–∫–∞–∑–∞—Ç—å üí™üòé.
–û—Ü–µ–Ω–∏—Ç–µ –ø–æ–∂–∞–ª—É–π—Å—Ç–∞ –æ—Ç 1 –¥–æ  10üëáüëáüëá",2019-11-12 21:10:52,"['VK-1603736028819866', 'VK-31847372306', 'VK-32126024333']"
"–í–æ—Ç —Ç–∞–∫–∏–º –ø–æ–ª—É—á–∏–ª—Å—è –∑–∞–∫–æ—Å —Ç–∞–≤—Ä–∏–∏ –ø–æ–¥ –ê–ï 86. –î–æ–±–∞–≤–∏–ª —É—Ç–∏–Ω—ã–π —Ö–≤–æ—Å—Ç, –º–∞–ª–µ–Ω—å–∫–∏–µ —Ñ–µ–Ω–¥–µ—Ä—ã –∏ –≥—É–±—É –ø–µ—Ä–µ–¥–Ω–µ–≥–æ –±–∞–º–ø–µ—Ä–∞, –∑–∞–º–µ–Ω–∏–ª –≤—ã—Ö–ª–æ–ø–Ω—É—é —Ç—Ä—É–±—É. –ë–æ–∫–æ–≤–æ–π –º–æ–ª–¥–∏–Ω–≥ –≤—ã—è–≤–∏–ª –º–æ–π –Ω–µ—Ä–≤–Ω—ã–π —Ç—Ä–µ–º–º–æ—Ä, –ø–æ—ç—Ç–æ–º—É –ø–æ–ª—É—á–∏–ª–æ—Å –∫—Ä–∏–≤–æ–≤–∞—Ç–æ. –ü—Ä–∞–≤–æ–µ –∑–µ—Ä–∫–∞–ª–æ —Å–ø–µ—Ä–ª–∏ —Ü—ã–≥–∞–Ω–µ, –¥–∞.",2019-11-03 00:06:50,"['VK-1603736028819866', 'VK-15913314151', 'VK-36357962703']"
"–ü—Ä–∏–≤–µ—Ç –≤—Å–µ–º! –•–æ—á—É –ø–æ–∫–∞–∑–∞—Ç—å —Å–≤–æ–∏ –ñ–∏–≥–∏ –∏–∑ –±—É–º–∞–≥–∏ –≤ –º–∞—Å—à—Ç–∞–±–µ 1:25. –ß–µ—Ç–≤–µ—Ä–∫–∞ –≤ –æ–±–≤–µ—Å–µ DFTZ –∏ –≤—Å—Ç–∏–ª–µ –∫–∏–±–µ—Ä–ø–∞–Ω–∫, –ü—è—Ç–µ—Ä–∫–∞ —Ç–æ–∂–µ –≤ –æ–±–≤–µ—Å–µ DFTZ –≤ —à—É—Ç–æ—á–Ω–æ–π –ª–∏–≤—Ä–µ–µ –ø–∞—Ä–æ–¥–∏–∏ –Ω–∞ –¢–æ–π–æ—Ç—É –ù–∏–∫–∏—Ç—ã –®–∏–∫–æ–≤–∞, #pushthelimit",2019-10-13 18:11:36,"['VK-1603736028819866', 'VK-63916535562', 'VK-92173485600']"
"–ù–∞—á–∞–ª–æ –ø–æ–ª–æ–∂–µ–Ω–æ) –•–æ—á—É –æ—Å—É—â–µ—Å—Ç–≤–∏—Ç—å —Å—Ç–∞—Ä—ã–π –ø—Ä–æ–µ–∫—Ç, –í–∞–∑ 2101 —Å –¥–≤–∏–≥–∞—Ç–µ–ª–µ–º –æ—Ç BMWüòÑ –î—É–º–∞—é –Ω–µ–∫–æ—Ç–æ—Ä—ã–µ –µ—â–µ –ø–æ–º–Ω—è—Ç –º–æ–π —Å—Ç–∞—Ä—ã–π –ø—Ä–æ–µ–∫—Ç, —Å —Ç–µ–º–Ω–æ —Å–∏–Ω–µ–π –∫–æ–ø–µ–π–∫–æ–π)",2019-10-04 17:33:22,"['VK-1603736028819866', 'VK-40609574360', 'VK-33298727496']"
"–†–µ—à–∏–ª —Å–µ–≥–æ–¥–Ω—è —Å–¥–µ–ª–∞—Ç—å –ø–∞—Ä—É —Ñ–æ—Ç–æ–≥—Ä–∞—Ñ–∏–π –∏ –≤–æ—Ç —á—Ç–æ –ø–æ–ª—É—á–∏–ª–æ—Å—å.